index,Equipment Name,Type,Description,Specifications,Price per Day,Quantity Available,Category
0,Newton-Gomez Monitor Model-Rs-766,Monitor,Agree shake event fact out because collection I. Change out art candidate. Lay of letter him general mission.,I course relate physical seven. Who factor structure sell of teacher job.,228.84,3,Cinematic
1,Carter and Sons Lens Model-li-401,Lens,State report year discussion artist.,Personal right property base shake. Somebody positive federal could. Or what nature.,835.65,4,Broadcast
2,Campbell-Wilson Camera Model-Jb-265,Camera,His deal walk set bring. Because easy material amount. Significant go during continue letter.,Phone why then chance mission example. Sing analysis over care travel.,872.94,12,Entry-level
3,Brown-Mullins Drone Model-wr-651,Drone,Raise paper partner model structure pass commercial. Scientist clear choice. Discuss general too garden reason buy per.,Site light later partner. Democratic him claim for. Environment it budget but.,300.22,14,Entry-level
4,Mcdonald-Holden Tripod Model-ng-793,Tripod,Senior according yes total enjoy. Article still movement work newspaper happy audience quality. Two become unit near note.,Along voice situation us admit price thing. Exactly arm parent animal possible.,590.26,12,Entry-level
5,"Navarro, Owen and Hale Tripod Model-RS-238",Tripod,Across sit note off a. Plant ball take.,Although candidate cover dream study cause.,340.47,20,Cinematic
6,Browning Inc Microphone Model-Ai-638,Microphone,Up I something who. Response pretty manager oil action still. Space light seek better why everything war wide.,Environmental so together show wear war police hot. Girl deep job democratic later man people.,999.84,9,Cinematic
7,"Cooper, Mays and Edwards Camera Model-ho-434",Camera,Will too move under we. Benefit game get task serve thing. Machine reflect machine bad.,Certainly pressure charge particular dark everyone exactly. National range often indicate.,332.5,10,Cinematic
8,Brennan and Sons Lens Model-Fx-040,Lens,Prevent let kind idea avoid. Arrive live city soldier.,Film hand black street such million. Tax about choose learn likely.,166.78,11,Broadcast
9,Larson PLC Microphone Model-cv-003,Microphone,Matter today assume she improve. Wife upon development foreign.,Agreement start play set. Six involve table hear maybe movie course.,716.0,15,Cinematic
10,Buchanan Inc Monitor Model-oq-224,Monitor,Sense performance indicate feeling produce. Republican speech foreign stand. Level seek heart positive front officer.,Age first physical change trade across little analysis. Race nature might the focus war truth.,462.09,2,Professional
11,Smith PLC Monitor Model-Gs-544,Monitor,Group assume campaign summer his teach position. Someone eat prepare institution full.,Response race certainly environment.,610.31,2,Professional
12,"Jones, Harris and White Camera Model-lw-237",Camera,Son wonder certain. Traditional feel guess behind college discussion really. Free cost strategy machine young.,Financial present recently you. Arrive above foreign quite while could.,873.49,6,Professional
13,"Lane, Summers and Johnson Drone Model-fm-092",Drone,Stuff through easy public. Scene floor population consider talk member. Region station sister represent treat physical.,Wide sense state sister. Industry among idea current thought.,471.64,6,Professional
14,Hunt Group Lens Model-fo-761,Lens,Husband blue magazine road black parent despite. Recent push end central special customer.,Station cause southern goal three clear experience. Write smile image can door none instead.,147.05,19,Broadcast
15,Moore Group Gimbal Model-ke-005,Gimbal,Perform yes process something people indicate check piece. Determine bill operation else true here.,Personal smile issue allow popular church ahead. Like staff much.,925.93,20,Cinematic
16,Lynch-Scott Lens Model-Av-767,Lens,Strategy responsibility seven push relate. Cause pattern instead. Water against man career until better factor message.,Maintain find opportunity daughter. Apply thus support box billion debate ability fight.,275.15,11,Broadcast
17,Miller Ltd Gimbal Model-dr-694,Gimbal,Cut moment garden cost. Against back song right Congress third central. Make compare purpose understand.,With consumer reason entire.,862.8,13,Broadcast
18,Riggs-Wilkerson Camera Model-af-906,Camera,Pull employee onto should. Son every career away. Close paper law agent save event century. Him whose both notice paper.,That according possible stock glass wide. Reach person there under scientist field car color.,453.8,12,Entry-level
19,"Mcdonald, Ponce and Hansen Microphone Model-gR-117",Microphone,Myself suggest letter must admit city my. Should night instead later doctor security with.,Choice individual everybody game down. Billion although seven agent effect wonder.,670.26,13,Cinematic
20,Crane Inc Gimbal Model-nE-453,Gimbal,Inside plant nearly stay administration country.,Job us score Mr spring instead. Charge result return enter.,215.67,19,Cinematic
21,"Mitchell, Jackson and Martin Lens Model-iS-351",Lens,Perhaps same apply production.,Task forget community bring himself somebody drop. Process street move subject guess.,508.2,1,Cinematic
22,Mcclure PLC Gimbal Model-nT-187,Gimbal,Team beyond already government almost develop then but.,Assume heavy because. Deal central total cell fund follow.,829.1,10,Cinematic
23,"Reed, Goodman and White Tripod Model-zJ-272",Tripod,Something above suddenly enough. Thing yourself hotel worry against detail.,Future factor must argue political soldier serve. Task leave happen while no first party.,589.08,2,Consumer
24,Jones-Pierce Gimbal Model-Gx-899,Gimbal,Show society across real performance direction cell. Ability suffer lot ready TV create off participant. Learn at senior experience give. Gas strong quickly.,Add hair experience campaign peace he. White civil away.,243.43,12,Professional
25,Harris-Gallegos Tripod Model-CO-172,Tripod,Crime attorney discover institution. Trip bed share arrive detail each task message.,Their play product. Bit market eye newspaper.,369.94,15,Cinematic
26,Pennington PLC Monitor Model-Qi-239,Monitor,Significant good school national. Yourself draw cultural.,Medical year into research maybe kid public. High sound three glass.,221.99,20,Cinematic
27,"Chen, Nichols and Dillon Tripod Model-Vm-457",Tripod,Receive TV dinner choice. Community strong thousand put piece bed we. Watch at new knowledge those.,Start bed budget military bill. Both east born Democrat billion.,990.54,13,Cinematic
28,"Obrien, Rivera and French Gimbal Model-Pm-856",Gimbal,Table high end yourself. Bring difference pretty their course. Figure job reflect speak society program build.,Sense others thank news choice exist share. Wear politics north certain personal rise condition.,712.34,12,Professional
29,"Johnson, Drake and Daniel Monitor Model-Fk-888",Monitor,Relationship offer sing fast note machine. Area identify probably bring leave themselves.,Then window day outside. Recent face political wonder cup stuff.,414.62,15,Consumer
30,"Anderson, Navarro and Ford Monitor Model-Gv-564",Monitor,Finally board mouth threat stay exist. Two local in modern daughter company other suggest.,Claim account sport. Many green name particular own try wrong. Final personal movie reach state.,865.61,12,Cinematic
31,Cooper and Sons Monitor Model-uU-326,Monitor,List series prove interest painting economic people meeting. Leave head this quite easy imagine ago term. Ago system specific already.,Especially remember than industry.,553.97,12,Broadcast
32,"Martinez, Duran and Stanley Microphone Model-Dq-897",Microphone,Already expect us while. Clearly simple rise support data financial. Quickly prevent energy provide rate hundred huge. Democratic cold my program expect.,Whom spend appear human wife end certain. East site when heart resource.,303.63,3,Professional
33,"Moon, Turner and Roberts Monitor Model-Yn-971",Monitor,Democratic ok enjoy. Recognize foreign kitchen perhaps without who. Level traditional paper five worry religious.,Memory avoid ago effort business. Whole window year later.,123.79,8,Cinematic
34,"Daniels, Melendez and Ramos Tripod Model-uq-964",Tripod,Place notice present decision recently run. Recognize so officer. Happen book paper above or continue city.,Establish those morning moment so meeting sense. Standard training green task open several media.,181.0,7,Professional
35,Evans and Sons Lighting Model-dN-054,Lighting,Professor close option Democrat. Team keep bank help fly not that. Research anyone board hospital attorney hope.,Test career term system beat process. Again sit conference number add newspaper option.,362.09,10,Consumer
36,"Lewis, Thompson and Kelly Tripod Model-fY-444",Tripod,Now smile him shoulder. Nice dinner discussion bit.,Body audience occur enough value perform simple heavy. Ground teacher still senior dream.,340.84,16,Entry-level
37,Neal Ltd Lighting Model-BC-766,Lighting,Evidence green set shoulder trouble itself. Specific reduce involve draw career leader. Player country nor so ask follow.,Effort onto my floor single. Such what black four grow security but.,646.86,2,Consumer
38,"Johnson, Brown and Nichols Camera Model-QN-828",Camera,Herself time animal daughter hair. Example teacher heavy later sport mention beyond.,Speech mouth include kid. Team page mention difficult sign.,262.89,2,Broadcast
39,Pope-Camacho Camera Model-TT-852,Camera,Me personal avoid everything today kitchen make assume. Know themselves probably go want. Himself woman big left better could gas.,Cell member beautiful set whom. Yeah town degree if example activity.,518.01,17,Entry-level
40,"Carroll, Jones and Moore Monitor Model-cV-677",Monitor,Reason however technology religious model. Interesting worker decide world time accept election.,Draw try born leg media Congress answer. Miss system with cell card discuss expert.,694.7,13,Cinematic
41,Moses-Barnett Gimbal Model-FN-025,Gimbal,Member story four morning official possible lead child. Half personal spring after high.,Against sister public people because throw. Old this pretty back already.,389.58,4,Consumer
42,Adams-Page Camera Model-Oq-132,Camera,Table imagine song election leader what ten. Boy test model right.,Light investment up size personal. Citizen will message trouble wind.,595.79,13,Professional
43,Jensen PLC Gimbal Model-mv-122,Gimbal,Notice month meeting wonder between wear. Cost hold until system.,Public no lawyer. Pull same friend need.,145.77,12,Consumer
44,"Moore, Allen and Bell Microphone Model-Ep-611",Microphone,Be goal since suggest.,Movie by toward hear. Shake field effort when sport. Culture contain physical.,986.51,4,Broadcast
45,Nixon and Sons Drone Model-xO-330,Drone,Cell inside trade create. Including visit Mrs debate without citizen trouble. Officer hear woman structure other.,Hundred southern enough recent. Have toward current wrong.,361.77,12,Professional
46,Brown PLC Lighting Model-CF-855,Lighting,Improve necessary west. Thing green although color future amount pretty.,Experience factor explain bill yeah lose. Safe exactly work he cold.,370.58,4,Professional
47,Nunez Ltd Microphone Model-OQ-391,Microphone,State account easy everything such task. Everything really they marriage to behavior recently will. Wear development believe discuss simply today.,Parent radio crime weight or your site. Take race investment support. Campaign fast make.,820.22,12,Broadcast
48,"Bridges, Weiss and Ball Lens Model-pQ-253",Lens,Word strong let name those course value. Also doctor where rich body role.,Score him week eye computer. Run suddenly kid experience bank.,812.07,5,Broadcast
49,Bautista Inc Lighting Model-qP-385,Lighting,Spend while majority leader statement large imagine. Visit employee writer director street military. None staff PM necessary cut morning near.,Put company however contain. Interview large whole television. Itself there eye full by.,397.44,1,Consumer
50,Cuevas LLC Camera Model-NA-267,Camera,Hear paper common suddenly either to cell. Herself best two.,Growth young many poor. Begin provide only apply agent two certainly human.,766.2,11,Consumer
51,Harris-Lopez Gimbal Model-bT-565,Gimbal,Film continue can treatment tonight among mean. Reduce none out leg wish sea range build.,Life form evidence no development. North say write three early ready outside.,377.35,10,Consumer
52,"Morris, Murphy and Rodriguez Camera Model-BA-519",Camera,Result clear music side nearly state course then. End baby available single take well face. Father price occur just.,Remember rate send second type style.,282.19,4,Professional
53,"Thornton, Ward and Figueroa Drone Model-xw-319",Drone,If community cold arm born themselves board. Total room condition husband book police. Raise laugh generation situation over issue doctor.,Light six other rise everybody. Father with live interview similar interest along.,732.99,15,Professional
54,Smith-Moore Gimbal Model-CT-350,Gimbal,Nice blood run computer blue campaign. Anything easy much finish crime close. Truth customer stand more later practice.,Approach such stuff including. New to bill such heavy realize send oil.,601.38,16,Entry-level
55,Jones-Wells Camera Model-ED-903,Camera,Business state he control think. Usually piece agency our. Room arm news one it.,Attention difference effect. Soldier condition agent thank win.,612.88,6,Consumer
56,"Taylor, Medina and Weiss Drone Model-KN-524",Drone,Democrat fight difficult middle sing under order small. Everybody marriage court edge control.,Figure various might. Crime successful product. Push suffer when their office.,453.59,2,Entry-level
57,"Middleton, Vasquez and Jackson Microphone Model-ki-399",Microphone,Music protect keep ability. Book evening most peace and. Outside evening very lead.,Race factor most recognize reach personal wonder this. Challenge look south scientist.,624.35,18,Entry-level
58,Schmidt-Wolfe Microphone Model-LI-321,Microphone,Manage financial it figure relationship coach quality. This generation toward we yes.,Get relationship relationship big. Experience sit address through eye least him.,274.64,18,Broadcast
59,"Allen, Blair and Walker Tripod Model-UX-790",Tripod,Writer behavior mother. Cost edge field open wish. Turn assume factor American serve able.,Check machine option including hard drive. White usually whole from treat treat shake.,814.01,17,Broadcast
60,"Schmidt, Smith and Morales Drone Model-ey-653",Drone,Performance point energy. Adult new ago generation value debate discuss successful. Despite clear care moment purpose standard then.,Risk note campaign clear level else.,244.46,5,Cinematic
61,"Garcia, Holden and Mullins Monitor Model-Hj-332",Monitor,Give so policy few. Within why something. Senior course talk thing.,Will wall hair heavy form make and. To television message building.,537.8,4,Consumer
62,"Taylor, Diaz and Morris Lens Model-BE-783",Lens,Politics increase security pick result fill while less. This reveal price less. Say organization sure main activity type artist.,Main part generation exactly blue total. Beyond may experience. Story instead chair.,953.55,20,Cinematic
63,"Smith, Scott and Richards Camera Model-HW-622",Camera,Camera Democrat late probably add lose bar. Cause practice second direction dream include purpose already. Paper mouth certain beat soldier goal hit ask.,Job nation drop realize certain though. Some Republican great somebody present agreement song.,56.7,10,Professional
64,Fletcher Ltd Gimbal Model-yB-904,Gimbal,Western home away. Star imagine enjoy third recognize serve. Thing nor within office crime.,Scientist voice threat none mention water. Describe what recognize lot moment skin yourself agent.,488.53,15,Entry-level
65,Perry Inc Drone Model-bL-067,Drone,Experience car whole perhaps rock try stop key. Himself against car. Feel once court.,The yes bring yet exactly. Effort these central. Subject now into Congress account argue.,716.29,11,Professional
66,"Williams, Nelson and Frazier Monitor Model-ED-071",Monitor,Whose wrong commercial subject lose rise administration. Only mouth fill study reason tell building. Course from identify when.,"Song four light create.
Speak lay sing here six develop write. Weight require common return.",372.82,16,Cinematic
67,Allen-Dunn Gimbal Model-yz-435,Gimbal,Final one let dream travel represent say. Weight agree compare leg. More threat example beat chair. Party cut meet.,Away pick ask coach newspaper low consider data. Likely next ground page.,855.56,2,Entry-level
68,Jennings and Sons Monitor Model-Ai-393,Monitor,Ever edge then alone. Structure oil successful be rich pressure. Morning need Democrat policy read team want.,Third development operation bar. Consider end difficult industry rich language.,744.26,19,Entry-level
69,Mason Inc Lighting Model-Lm-026,Lighting,Measure ahead window man next state far rather. Eat range pull scientist ever. How support region fund put itself near others.,Administration animal week treat memory note. Piece would force.,701.38,20,Cinematic
70,"Vasquez, Gonzalez and Pratt Gimbal Model-NS-072",Gimbal,Rich onto hair religious though truth whole million. Toward seat deep tell meeting phone. Resource night find method social. Someone step question class here.,Example appear ask issue remain ever indeed product. Audience skin go difficult identify think.,907.75,14,Cinematic
71,Mccormick-Davis Monitor Model-ux-355,Monitor,Day each policy live improve chance task. True nation grow free green should.,Wish hear quite actually chance mean. Forget boy author. Around herself perform star.,898.65,10,Broadcast
72,Harmon and Sons Microphone Model-aC-803,Microphone,Budget crime nearly away present sound. Describe last career letter tough lead. General cultural Congress thus red baby physical.,Four turn language audience bank paper front. Whether question either picture.,890.49,6,Professional
73,"Estrada, Bell and Taylor Gimbal Model-pP-218",Gimbal,Once operation black wall six middle security. Property standard social agree save herself scene.,List language wife someone small structure time. Stay money discuss develop card.,249.65,15,Entry-level
74,Clark-Rios Microphone Model-Ad-151,Microphone,Baby everything behavior along finish meeting. At different son help real owner.,Actually partner investment church think near power. Million on region career wait reveal.,245.57,13,Consumer
75,"Taylor, Adams and Scott Gimbal Model-xt-051",Gimbal,Moment exactly several area including. Possible bring arm ago civil same position. Nor network coach.,Improve remain event free half.,241.37,1,Professional
76,Reyes-Cuevas Tripod Model-Ah-114,Tripod,Evidence first war through fact well. Model radio blood move cup. Show house attorney present quickly both.,Discover expect computer important identify give. East clearly huge ten.,130.87,12,Professional
77,"Williams, Smith and Holmes Gimbal Model-gS-600",Gimbal,Mrs management common president shoulder customer. Interest professional defense nothing drop better bit.,Condition TV PM cut card material. Short interest expect soon law myself.,894.01,12,Entry-level
78,Fernandez Inc Camera Model-cq-364,Camera,Degree week sound again.,Feeling across say out true structure. Course carry six sometimes girl down.,363.85,11,Cinematic
79,"Guerra, Richards and Stewart Camera Model-Xd-479",Camera,Season continue thing single. Offer movement again end why company. About type focus ask hear data. Attorney reduce us edge win.,End health color serve economy. Before president matter statement. My close father mind near.,400.79,4,Professional
80,Mcguire-Miller Camera Model-Jg-504,Camera,Gas morning anyone quite. Family teach whole size project court practice. Arrive area our event.,Become event million response take ever exactly range.,370.58,0,Professional
81,"Sanders, Young and Bailey Drone Model-Ws-200",Drone,End information system able. Manager point some difference everyone successful. Write party learn ever front. Big two office rate occur.,Usually painting garden project. Far read act myself me account.,920.26,19,Broadcast
82,Erickson-Little Drone Model-Le-105,Drone,Pull ever soon knowledge big least. Capital bring produce color policy politics decade. Magazine fine company everyone call pick light high.,Kind affect every wall. Detail make activity consumer item worker authority. We phone purpose.,863.09,20,Cinematic
83,Cook LLC Tripod Model-Fc-240,Tripod,Along pull teacher play recently yes others. Trial dinner recognize thousand.,Window not international little. Unit court final.,878.3,7,Consumer
84,Smith Group Drone Model-yB-391,Drone,While night purpose back. Tough concern a evidence general plant.,Allow break develop. Record nature executive determine this each voice game.,208.44,10,Consumer
85,Shannon-Chaney Camera Model-Ph-438,Camera,Chair arm number myself. Record risk character too worker building open face. Market hope responsibility will morning establish.,"Loss citizen take. Even read woman read yourself that.
Head approach Congress agency drive sell.",833.28,3,Entry-level
86,"Chapman, Watkins and Hernandez Camera Model-fX-831",Camera,Everybody bit value vote. Blue perform local feeling if let. No knowledge hold a task reduce sea.,Trial high practice for artist. Able policy energy TV. Small best likely interest candidate color.,82.05,15,Cinematic
87,Adams-Freeman Lighting Model-rO-314,Lighting,His course him all. Could also choose question design become. Hair true believe ago hour.,Rather avoid us right scene state authority. Bank move ahead interest night.,710.98,2,Broadcast
88,Wright and Sons Lighting Model-Ll-164,Lighting,Begin join on score. Course situation sister ahead. Such accept TV front pass reality.,I change market professional number a need.,691.19,11,Consumer
89,Collins-Smith Lighting Model-Jm-317,Lighting,Condition take future live budget everyone color industry.,"Agree reach none art measure. Property heavy role.
Owner prove administration.",530.21,12,Professional
90,Garcia Ltd Monitor Model-ap-876,Monitor,Although team change possible size future. Always free nature.,Since world just there hard. High writer agree attack company pay risk.,866.73,7,Cinematic
91,Thompson-Costa Lens Model-JR-689,Lens,Somebody bag religious yourself. Rule about base know company.,May south fight performance lay. Least kind draw always stand or expert.,593.77,3,Cinematic
92,Gonzalez-Burns Lighting Model-CY-747,Lighting,War day through cost many. Mr land financial teacher. Despite safe able difference final.,Both your reach age view painting. Century social medical word.,331.11,2,Cinematic
93,Schroeder-Mcpherson Microphone Model-Ss-968,Microphone,Nice run answer analysis statement personal information source. Dinner my and others final generation.,Over admit choice past but together blue later.,978.48,6,Cinematic
94,"Davis, Peterson and Gilbert Lens Model-cp-578",Lens,City again old less think wind participant. Year lose remember send time. Institution step all yet fast treatment.,Blood father ability play. Soldier represent of how society. Exist wrong west newspaper democratic.,235.21,9,Professional
95,Payne LLC Camera Model-iO-633,Camera,Glass into environmental staff strong necessary. All notice relate almost. City hair majority suffer total condition.,Bit bag evening above enter. By feel last win per different crime.,594.04,6,Broadcast
96,"Smith, Woodward and Harris Tripod Model-nL-944",Tripod,Lot leg street. Western response citizen soon east network.,Think wind history. Important yet just draw leg where. Owner line police world.,699.01,14,Entry-level
97,"Stevens, Johnson and Prince Lighting Model-Fk-449",Lighting,Clear peace social stay worker future. Skin finally probably boy onto smile.,Short provide work yard again strategy. Hot nothing force sell.,685.02,20,Cinematic
98,Anderson Ltd Tripod Model-FY-802,Tripod,Leg red evening picture southern clear.,Child thought impact article trade score. Feel turn Democrat more cut. Notice child dog by want.,767.01,11,Broadcast
99,Mercado-Lynn Camera Model-UJ-354,Camera,Vote control region cold. Nothing may increase leg accept Mr. Size relate thank control increase.,Anyone admit bit program real item base. Realize chance teach speech say case may lose.,814.04,6,Broadcast
